iso_a3,name_long,var,year,value
AFG,Afghanistan,gcp,1990,89170020.29347827
AFG,Afghanistan,gcp,1995,67459916.19714963
AFG,Afghanistan,gcp,2000,71941321.27802074
AFG,Afghanistan,gcp,2005,110865950.96296297
AFG,Afghanistan,gcp,NA,248020739.53374234
AFG,Afghanistan,pop,1990,2097262670.6956522
AFG,Afghanistan,pop,1995,2779843702.771739
AFG,Afghanistan,pop,2000,2880757784.3152175
AFG,Afghanistan,pop,2005,3317452095.6413045
AGO,Angola,gcp,1990,31540572.21398894
AGO,Angola,gcp,1995,27521890.531099733
AGO,Angola,gcp,2000,37121851.65352419
AGO,Angola,gcp,2005,66245495.889461525
AGO,Angola,gcp,NA,217167159.8790204
AGO,Angola,pop,1990,3095812481.801587
AGO,Angola,pop,1995,3212751745.325397
AGO,Angola,pop,2000,2931641902.7222223
AGO,Angola,pop,2005,3183530241.269841
ALB,Albania,gcp,1990,388664980.1111111
ALB,Albania,gcp,1995,235622116
ALB,Albania,gcp,2000,297376827.1111111
ALB,Albania,gcp,2005,238896929.85714287
ALB,Albania,gcp,NA,1370254203.8125
ALB,Albania,pop,1990,3676174378.111111
ALB,Albania,pop,1995,3803761790.888889
ALB,Albania,pop,2000,4321283482.888889
ALB,Albania,pop,2005,3114838743.4444447
ARE,United Arab Emirates,gcp,1990,1685741458.2
ARE,United Arab Emirates,gcp,1995,1954738368.8
ARE,United Arab Emirates,gcp,2000,2451104752.1
ARE,United Arab Emirates,gcp,2005,2668169422.4
ARE,United Arab Emirates,gcp,NA,3184243096.939394
ARE,United Arab Emirates,pop,1990,2673390884.3
ARE,United Arab Emirates,pop,1995,4187745795.7
ARE,United Arab Emirates,pop,2000,4287397792.5
ARE,United Arab Emirates,pop,2005,2138934496
ARG,Argentina,gcp,1990,230644386.07490495
ARG,Argentina,gcp,1995,313649175.3553459
ARG,Argentina,gcp,2000,368750333.6352201
ARG,Argentina,gcp,2005,358435382.8522013
ARG,Argentina,gcp,NA,379170717.552673
ARG,Argentina,pop,1990,3565629358.2861633
ARG,Argentina,pop,1995,3540749991.927673
ARG,Argentina,pop,2000,3598879648.0031447
ARG,Argentina,pop,2005,3377728274.562893
ARM,Armenia,gcp,1990,614811564.625
ARM,Armenia,gcp,1995,66101399
ARM,Armenia,gcp,2000,105527117.5
ARM,Armenia,gcp,2005,416123562
ARM,Armenia,gcp,NA,932211781.3571428
ARM,Armenia,pop,1990,1947740777.375
ARM,Armenia,pop,1995,2470516445.875
ARM,Armenia,pop,2000,2216770934.25
ARM,Armenia,pop,2005,2559682245.375
ATA,Antarctica,pop,1990,0.13912744761250428
ATA,Antarctica,pop,1995,0.13912744761250428
ATA,Antarctica,pop,2000,0.13912744761250428
ATA,Antarctica,pop,2005,0.13912744761250428
ATF,French Southern and Antarctic Lands,pop,1990,140
ATF,French Southern and Antarctic Lands,pop,1995,140
ATF,French Southern and Antarctic Lands,pop,2000,140
ATF,French Southern and Antarctic Lands,pop,2005,140
AUS,Australia,gcp,1990,168072652.6162625
AUS,Australia,gcp,1995,156505868.64907277
AUS,Australia,gcp,2000,200334271.51212552
AUS,Australia,gcp,2005,218575429.08131242
AUS,Australia,gcp,NA,206544526.29243937
AUS,Australia,pop,1990,3411539243.828816
AUS,Australia,pop,1995,3291372341.3038516
AUS,Australia,pop,2000,3145451249.6034236
AUS,Australia,pop,2005,3110079432.211127
AUT,Austria,gcp,1990,2203308581.9259257
AUT,Austria,gcp,1995,2263914797.185185
AUT,Austria,gcp,2000,2319582950.111111
AUT,Austria,gcp,2005,1765178763.4444444
AUT,Austria,gcp,NA,2432051142.962963
AUT,Austria,pop,1990,3317665589.5185184
AUT,Austria,pop,1995,3200718788.740741
AUT,Austria,pop,2000,3302053101.111111
AUT,Austria,pop,2005,3412995909.3703704
AZE,Azerbaijan,gcp,1990,323053111.4
AZE,Azerbaijan,gcp,1995,200981744.14285713
AZE,Azerbaijan,gcp,2000,275546492.85714287
AZE,Azerbaijan,gcp,2005,333266705
AZE,Azerbaijan,gcp,NA,1135813338.689655
AZE,Azerbaijan,pop,1990,2578434238.3333335
AZE,Azerbaijan,pop,1995,3411694956
AZE,Azerbaijan,pop,2000,3814585505.266667
AZE,Azerbaijan,pop,2005,4637478088.733334
BDI,Burundi,gcp,1990,127441498.4
BDI,Burundi,gcp,1995,106581890.6
BDI,Burundi,gcp,2000,129611748.6
BDI,Burundi,gcp,2005,167809266
BDI,Burundi,gcp,NA,324184277.3
BDI,Burundi,pop,1990,7656308966.4
BDI,Burundi,pop,1995,1847356320.4
BDI,Burundi,pop,2000,3349486318.8
BDI,Burundi,pop,2005,1508307284
BEL,Belgium,gcp,1990,3982428128.3636365
BEL,Belgium,gcp,1995,3585837115.4545455
BEL,Belgium,gcp,2000,2730272753.909091
BEL,Belgium,gcp,2005,3672811759.181818
BEL,Belgium,gcp,NA,3126189521.818182
BEL,Belgium,pop,1990,4106004947.2727275
BEL,Belgium,pop,1995,3274520843.181818
BEL,Belgium,pop,2000,4334266219.090909
BEL,Belgium,pop,2005,3021942296.5454545
BEN,Benin,gcp,1990,28914437.943226
BEN,Benin,gcp,1995,39240046.9996025
BEN,Benin,gcp,2000,56628842.3173235
BEN,Benin,gcp,2005,63986975.7009465
BEN,Benin,gcp,NA,174747361.211242
BEN,Benin,pop,1990,1946480398.45
BEN,Benin,pop,1995,2664809904.05
BEN,Benin,pop,2000,3008758445.2
BEN,Benin,pop,2005,3788319396.25
BFA,Burkina Faso,gcp,1990,40812995.85823
BFA,Burkina Faso,gcp,1995,49249067.522387296
BFA,Burkina Faso,gcp,2000,69711297.39516433
BFA,Burkina Faso,gcp,2005,86787941.27404703
BFA,Burkina Faso,gcp,NA,218589255.8243243
BFA,Burkina Faso,pop,1990,3355138247.1621623
BFA,Burkina Faso,pop,1995,3200715065.918919
BFA,Burkina Faso,pop,2000,3444789032.135135
BFA,Burkina Faso,pop,2005,3870579694.5945945
BGD,Bangladesh,gcp,1990,1042609940.75
BGD,Bangladesh,gcp,1995,1346343286.9565217
BGD,Bangladesh,gcp,2000,1783566893.5652175
BGD,Bangladesh,gcp,2005,1666307415.4347825
BGD,Bangladesh,gcp,NA,2221964572.042105
BGD,Bangladesh,pop,1990,3874209622.375
BGD,Bangladesh,pop,1995,3732943532.7083335
BGD,Bangladesh,pop,2000,2786996667.125
BGD,Bangladesh,pop,2005,3462223919.75
BGR,Bulgaria,gcp,1990,656171614.2352941
BGR,Bulgaria,gcp,1995,754886912
BGR,Bulgaria,gcp,2000,694199939.117647
BGR,Bulgaria,gcp,2005,1016733008.117647
BGR,Bulgaria,gcp,NA,2100469266.4411764
BGR,Bulgaria,pop,1990,4617524578.117647
BGR,Bulgaria,pop,1995,4166559960.8235292
BGR,Bulgaria,pop,2000,4032219177.647059
BGR,Bulgaria,pop,2005,3205902023.352941
BHS,Bahamas,gcp,1990,2851643689
BHS,Bahamas,gcp,1995,2837999927
BHS,Bahamas,gcp,2000,390236181
BHS,Bahamas,gcp,NA,3177924184
BHS,Bahamas,pop,1990,147046531
BHS,Bahamas,pop,1995,1615759921
BHS,Bahamas,pop,2000,1862435546
BHS,Bahamas,pop,2005,2040981867
BIH,Bosnia and Herzegovina,gcp,1990,550442599.4117647
BIH,Bosnia and Herzegovina,gcp,1995,466828755
BIH,Bosnia and Herzegovina,gcp,2000,419853794
BIH,Bosnia and Herzegovina,gcp,2005,874407568
BIH,Bosnia and Herzegovina,gcp,NA,1604637737.419355
BIH,Bosnia and Herzegovina,pop,1990,4604912809.941176
BIH,Bosnia and Herzegovina,pop,1995,4190505496.2941175
BIH,Bosnia and Herzegovina,pop,2000,3971423517.352941
BIH,Bosnia and Herzegovina,pop,2005,4340933217.6470585
BLR,Belarus,gcp,1990,432680059.61904764
BLR,Belarus,gcp,1995,293182474.5714286
BLR,Belarus,gcp,2000,332877790
BLR,Belarus,gcp,2005,458408617.5714286
BLR,Belarus,gcp,NA,1175890210.1607144
BLR,Belarus,pop,1990,3626395615.095238
BLR,Belarus,pop,1995,3259601587.214286
BLR,Belarus,pop,2000,3452123096.428571
BLR,Belarus,pop,2005,3270370284.3095236
BLZ,Belize,gcp,1990,127144183
BLZ,Belize,gcp,1995,168202104
BLZ,Belize,gcp,2000,226524582
BLZ,Belize,gcp,2005,294418540.6666667
BLZ,Belize,gcp,NA,301931488.5
BLZ,Belize,pop,1990,3942239184.3333335
BLZ,Belize,pop,1995,2443941471
BLZ,Belize,pop,2000,2819439793.3333335
BLZ,Belize,pop,2005,3266682702.6666665
BOL,Bolivia,gcp,1990,58914407.436974786
BOL,Bolivia,gcp,1995,67455224.66386555
BOL,Bolivia,gcp,2000,76748041.42016807
BOL,Bolivia,gcp,2005,106589233.91596639
BOL,Bolivia,gcp,NA,219265580.80252102
BOL,Bolivia,pop,1990,3529580497.7310925
BOL,Bolivia,pop,1995,3565094208.9915967
BOL,Bolivia,pop,2000,3827971700.134454
BOL,Bolivia,pop,2005,3319237509.327731
BRA,Brazil,gcp,1990,365684463.91822815
BRA,Brazil,gcp,1995,386846673.0545314
BRA,Brazil,gcp,2000,449313327.0892264
BRA,Brazil,gcp,2005,480964210.4475892
BRA,Brazil,gcp,NA,624348038.8517327
BRA,Brazil,pop,1990,3654401711.9290495
BRA,Brazil,pop,1995,3629367024.381526
BRA,Brazil,pop,2000,3519882369.763052
BRA,Brazil,pop,2005,3634757446.848728
BRN,Brunei Darussalam,gcp,1990,368910799.5
BRN,Brunei Darussalam,gcp,1995,19403950.5
BRN,Brunei Darussalam,gcp,2000,660728900
BRN,Brunei Darussalam,gcp,2005,256454929.5
BRN,Brunei Darussalam,gcp,NA,1333852773.375
BRN,Brunei Darussalam,pop,1990,856449054
BRN,Brunei Darussalam,pop,1995,1644143183.5
BRN,Brunei Darussalam,pop,2000,1903379615
BRN,Brunei Darussalam,pop,2005,2152611797
BTN,Bhutan,gcp,1990,22788729.636363637
BTN,Bhutan,gcp,1995,22532015.272727273
BTN,Bhutan,gcp,2000,38268270.09090909
BTN,Bhutan,gcp,2005,54972874.63636363
BTN,Bhutan,gcp,NA,104955298.61363636
BTN,Bhutan,pop,1990,4507345389.363636
BTN,Bhutan,pop,1995,2714547499.5454545
BTN,Bhutan,pop,2000,2516656422.5454545
BTN,Bhutan,pop,2005,3199551589.2727275
BWA,Botswana,gcp,1990,38563262.220614895
BWA,Botswana,gcp,1995,54012171.28319566
BWA,Botswana,gcp,2000,71963462.3164753
BWA,Botswana,gcp,2005,87441235.08615234
BWA,Botswana,gcp,NA,146137317.9489575
BWA,Botswana,pop,1990,3428963339.081081
BWA,Botswana,pop,1995,3256688662.7702703
BWA,Botswana,pop,2000,3059093198.5540543
BWA,Botswana,pop,2005,3038656219.527027
CAF,Central African Republic,gcp,1990,11900451.614488577
CAF,Central African Republic,gcp,1995,12638476.95742786
CAF,Central African Republic,gcp,2000,14342628.506165985
CAF,Central African Republic,gcp,2005,13640071.274397353
CAF,Central African Republic,gcp,NA,33896131.01648183
CAF,Central African Republic,pop,1990,3741779333.8732395
CAF,Central African Republic,pop,1995,3502158730.0985913
CAF,Central African Republic,pop,2000,3069111990.9577465
CAF,Central African Republic,pop,2005,3505643616.647887
CAN,Canada,gcp,1990,116930650.04135656
CAN,Canada,gcp,1995,121243040.99720632
CAN,Canada,gcp,2000,139507637.20967036
CAN,Canada,gcp,2005,156067194.0081525
CAN,Canada,gcp,NA,149550941.055676
CAN,Canada,pop,1990,2239734852.4837775
CAN,Canada,pop,1995,2051618452.7387023
CAN,Canada,pop,2000,2082266361.6326766
CAN,Canada,pop,2005,2097798274.0179605
CHE,Switzerland,gcp,1990,2886833965.2077403
CHE,Switzerland,gcp,1995,3060597451.4276123
CHE,Switzerland,gcp,2000,3022905189.939629
CHE,Switzerland,gcp,2005,2694983253.4476585
CHE,Switzerland,gcp,NA,2817581938.961959
CHE,Switzerland,pop,1990,2608680791.4666667
CHE,Switzerland,pop,1995,3452791138.6
CHE,Switzerland,pop,2000,3282644267.266667
CHE,Switzerland,pop,2005,3292974656.4666667
CHL,Chile,gcp,1990,138391826.54764616
CHL,Chile,gcp,1995,208189931.19302595
CHL,Chile,gcp,2000,229948165.4496523
CHL,Chile,gcp,2005,318531788.0752908
CHL,Chile,gcp,NA,403086907.62748885
CHL,Chile,pop,1990,3495967507.0826445
CHL,Chile,pop,1995,3388416219.016529
CHL,Chile,pop,2000,3428161432.512397
CHL,Chile,pop,2005,3479994345.9752064
CHN,China,gcp,1990,371339712.23580194
CHN,China,gcp,1995,582099348.3987403
CHN,China,gcp,2000,721458441.2152162
CHN,China,gcp,2005,829982093.9214123
CHN,China,gcp,NA,1053722005.4838091
CHN,China,pop,1990,3387438953.377465
CHN,China,pop,1995,3361990087.2384977
CHN,China,pop,2000,3423392488.9023476
CHN,China,pop,2005,3353118494.741784
CIV,Côte d'Ivoire,gcp,1990,145913247.375
CIV,Côte d'Ivoire,gcp,1995,166886387.85
CIV,Côte d'Ivoire,gcp,2000,188470351.2
CIV,Côte d'Ivoire,gcp,2005,187192497.375
CIV,Côte d'Ivoire,gcp,NA,434995961.76875
CIV,Côte d'Ivoire,pop,1990,4148878184.75
CIV,Côte d'Ivoire,pop,1995,3840546467.5
CIV,Côte d'Ivoire,pop,2000,3868835167.95
CIV,Côte d'Ivoire,pop,2005,3163620249.5
CMR,Cameroon,gcp,1990,120630511.39776267
CMR,Cameroon,gcp,1995,107820248.493223
CMR,Cameroon,gcp,2000,137679790.123934
CMR,Cameroon,gcp,2005,150842928.737078
CMR,Cameroon,gcp,NA,339507897.4375
CMR,Cameroon,pop,1990,3670288908.7
CMR,Cameroon,pop,1995,3281031917
CMR,Cameroon,pop,2000,3505576116.95
CMR,Cameroon,pop,2005,3232821162.633333
COD,Democratic Republic of the Congo,gcp,1990,36755644.70882729
COD,Democratic Republic of the Congo,gcp,1995,26603283.893259507
COD,Democratic Republic of the Congo,gcp,2000,30383708.263110183
COD,Democratic Republic of the Congo,gcp,2005,37896235.748386815
COD,Democratic Republic of the Congo,gcp,NA,92175221.86910148
COD,Democratic Republic of the Congo,pop,1990,3959358879.5
COD,Democratic Republic of the Congo,pop,1995,3472141382.865546
COD,Democratic Republic of the Congo,pop,2000,3663365401.869748
COD,Democratic Republic of the Congo,pop,2005,3422356947.8865547
COG,Republic of the Congo,gcp,1990,36205248.66383009
COG,Republic of the Congo,gcp,1995,20533048.77907081
COG,Republic of the Congo,gcp,2000,40254343.32465051
COG,Republic of the Congo,gcp,2005,49871386.82946061
COG,Republic of the Congo,gcp,NA,107684523.81620792
COG,Republic of the Congo,pop,1990,3888771340.5957446
COG,Republic of the Congo,pop,1995,3471591456.4042554
COG,Republic of the Congo,pop,2000,3474833018.4680853
COG,Republic of the Congo,pop,2005,3324651494.6595745
COL,Colombia,gcp,1990,468396275.6385536
COL,Colombia,gcp,1995,452138379.80634874
COL,Colombia,gcp,2000,497518738.2224873
COL,Colombia,gcp,2005,527329963.96141255
COL,Colombia,gcp,NA,1009495455.2195671
COL,Colombia,pop,1990,3281826747.6694217
COL,Colombia,pop,1995,3491493793.107438
COL,Colombia,pop,2000,3541326082.9421487
COL,Colombia,pop,2005,3468240068.429752
CRI,Costa Rica,gcp,1990,268583977.5
CRI,Costa Rica,gcp,1995,376525109
CRI,Costa Rica,gcp,2000,511536237.25
CRI,Costa Rica,gcp,2005,670587902.5
CRI,Costa Rica,gcp,NA,799641710.875
CRI,Costa Rica,pop,1990,2520314448.75
CRI,Costa Rica,pop,1995,3220997379.75
CRI,Costa Rica,pop,2000,3744681730.25
CRI,Costa Rica,pop,2005,4285701489.25
CUB,Cuba,gcp,1990,2106138439.5
CUB,Cuba,gcp,NA,2815491599.0833335
CUB,Cuba,pop,1990,2950355178.25
CUB,Cuba,pop,1995,2981097855.6666665
CUB,Cuba,pop,2000,3082882153.8333335
CUB,Cuba,pop,2005,2170254119.75
CYP,Cyprus,gcp,1990,1767599924
CYP,Cyprus,gcp,1995,2165873167
CYP,Cyprus,gcp,2000,2569916338
CYP,Cyprus,gcp,2005,2961921684
CYP,Cyprus,gcp,NA,2594302935.25
CYP,Cyprus,pop,1990,2233998794.5
CYP,Cyprus,pop,1995,1076404823.5
CYP,Cyprus,pop,2000,2505869621.5
CYP,Cyprus,pop,2005,2652105811
CZE,Czech Republic,gcp,1990,2134539723.4545455
CZE,Czech Republic,gcp,1995,2019693038.1818182
CZE,Czech Republic,gcp,2000,2328746017.4545455
CZE,Czech Republic,gcp,2005,2690445360.7727275
CZE,Czech Republic,gcp,NA,2684567583.8977275
CZE,Czech Republic,pop,1990,3453401686.909091
CZE,Czech Republic,pop,1995,3250869840.0454545
CZE,Czech Republic,pop,2000,3625468933.409091
CZE,Czech Republic,pop,2005,3642847116.590909
DEU,Germany,gcp,1990,2776676852.557772
DEU,Germany,gcp,1995,2949296911.8498244
DEU,Germany,gcp,2000,2859684980.365377
DEU,Germany,gcp,2005,2881463657.1225452
DEU,Germany,gcp,NA,2941549154.3163424
DEU,Germany,pop,1990,3313884057.952381
DEU,Germany,pop,1995,3173889346.095238
DEU,Germany,pop,2000,3170115695.3492064
DEU,Germany,pop,2005,3092833270.095238
DJI,Djibouti,gcp,1990,68677502.58968666
DJI,Djibouti,gcp,1995,69241822.8
DJI,Djibouti,gcp,2000,67564547.4
DJI,Djibouti,gcp,2005,81296268.4
DJI,Djibouti,gcp,NA,150209113.54943427
DJI,Djibouti,pop,1990,2591275616.3333335
DJI,Djibouti,pop,1995,1820105033
DJI,Djibouti,pop,2000,3147120348.6666665
DJI,Djibouti,pop,2005,3232128223.1666665
DNK,Denmark,gcp,1990,2695776435.625
DNK,Denmark,gcp,1995,3489818574.625
DNK,Denmark,gcp,2000,4009756307
DNK,Denmark,gcp,2005,4376202273.25
DNK,Denmark,gcp,NA,3313741285
DNK,Denmark,pop,1990,3819178489.125
DNK,Denmark,pop,1995,3010799215
DNK,Denmark,pop,2000,3648607035.625
DNK,Denmark,pop,2005,4143791798.25
DOM,Dominican Republic,gcp,1990,1366732590.3333333
DOM,Dominican Republic,gcp,1995,1477189849
DOM,Dominican Republic,gcp,2000,2301601630
DOM,Dominican Republic,gcp,2005,619136328.6666666
DOM,Dominican Republic,gcp,NA,1908742967.5
DOM,Dominican Republic,pop,1990,2147828028.3333335
DOM,Dominican Republic,pop,1995,1673136560
DOM,Dominican Republic,pop,2000,2244321475.6666665
DOM,Dominican Republic,pop,2005,2270254134.3333335
DZA,Algeria,gcp,1990,195576797.62049294
DZA,Algeria,gcp,1995,214586941.53230643
DZA,Algeria,gcp,2000,233075288.80144128
DZA,Algeria,gcp,2005,324780320.9291569
DZA,Algeria,gcp,NA,486645873.02559936
DZA,Algeria,pop,1990,2987724196.4356847
DZA,Algeria,pop,1995,3228919059.3568463
DZA,Algeria,pop,2000,3356768712.842324
DZA,Algeria,pop,2005,3614614786.842324
ECU,Ecuador,gcp,1990,126597129.2
ECU,Ecuador,gcp,1995,260384097.1
ECU,Ecuador,gcp,2000,282528719.76666665
ECU,Ecuador,gcp,2005,353520626.03333336
ECU,Ecuador,gcp,NA,892692066.7583333
ECU,Ecuador,pop,1990,4127751792.8333335
ECU,Ecuador,pop,1995,4197960898.1
ECU,Ecuador,pop,2000,4505598693.5
ECU,Ecuador,pop,2005,3064340943.6
EGY,Egypt,gcp,1990,429397687.68011975
EGY,Egypt,gcp,1995,559114882.8956817
EGY,Egypt,gcp,2000,624568633.657664
EGY,Egypt,gcp,2005,650452022.5172253
EGY,Egypt,gcp,NA,800262575.8653431
EGY,Egypt,pop,1990,4220115706.5289254
EGY,Egypt,pop,1995,4447723300.157024
EGY,Egypt,pop,2000,4474786234.371901
EGY,Egypt,pop,2005,3978396612.867769
ERI,Eritrea,gcp,1990,34261302.604690626
ERI,Eritrea,gcp,1995,35122089.284383126
ERI,Eritrea,gcp,2000,38757325.79689813
ERI,Eritrea,gcp,2005,38152603.16343938
ERI,Eritrea,gcp,NA,130132609.296875
ERI,Eritrea,pop,1990,2682658245.4375
ERI,Eritrea,pop,1995,2688428779.6875
ERI,Eritrea,pop,2000,2821263510.1875
ERI,Eritrea,pop,2005,2976348427.4375
ESH,Western Sahara,gcp,1990,1735068.3040256
ESH,Western Sahara,gcp,1995,2778325.2634464665
ESH,Western Sahara,gcp,2000,4416239.064560333
ESH,Western Sahara,gcp,2005,6925777.698887067
ESH,Western Sahara,gcp,NA,7783192.3957825
ESH,Western Sahara,pop,1990,3803657508.4
ESH,Western Sahara,pop,1995,5542575862.933333
ESH,Western Sahara,pop,2000,3441164961.5333333
ESH,Western Sahara,pop,2005,2367944929
ESP,Spain,gcp,1990,3157108140.3968253
ESP,Spain,gcp,1995,3073848959.857143
ESP,Spain,gcp,2000,3030749549.3650794
ESP,Spain,gcp,2005,2683376180.3809524
ESP,Spain,gcp,NA,2848840340.6865077
ESP,Spain,pop,1990,3835295723.765625
ESP,Spain,pop,1995,3517174293.8125
ESP,Spain,pop,2000,3525664931.765625
ESP,Spain,pop,2005,3530077256.109375
EST,Estonia,gcp,1990,527571586.7
EST,Estonia,gcp,1995,145397735.9
EST,Estonia,gcp,2000,522501075.6
EST,Estonia,gcp,2005,742326110
EST,Estonia,gcp,NA,864097267.975
EST,Estonia,pop,1990,4491761703.2
EST,Estonia,pop,1995,4651745008.1
EST,Estonia,pop,2000,5262255192.6
EST,Estonia,pop,2005,5921769658.7
ETH,Ethiopia,gcp,1990,62739503.45542387
ETH,Ethiopia,gcp,1995,66210925.073258966
ETH,Ethiopia,gcp,2000,82674928.95466964
ETH,Ethiopia,gcp,2005,107225579.49238
ETH,Ethiopia,gcp,NA,281514853.8896742
ETH,Ethiopia,pop,1990,3824532433.631579
ETH,Ethiopia,pop,1995,3954783976.7192984
ETH,Ethiopia,pop,2000,3497325856.9385967
ETH,Ethiopia,pop,2005,3778130908.236842
FIN,Finland,gcp,1990,565206874.329114
FIN,Finland,gcp,1995,474414110.57036495
FIN,Finland,gcp,2000,604759442.4978049
FIN,Finland,gcp,2005,724855057.759512
FIN,Finland,gcp,NA,617208294.7996625
FIN,Finland,pop,1990,3550342675.392405
FIN,Finland,pop,1995,3685311987.202532
FIN,Finland,pop,2000,3442736297.21519
FIN,Finland,pop,2005,3719461342.506329
FJI,Fiji,gcp,1990,381761865
FJI,Fiji,gcp,1995,433762119
FJI,Fiji,gcp,2000,481813159
FJI,Fiji,gcp,2005,543221128
FJI,Fiji,gcp,NA,750045637
FJI,Fiji,pop,1990,180043289
FJI,Fiji,pop,1995,1911517245
FJI,Fiji,pop,2000,1996134597
FJI,Fiji,pop,2005,20726717
FLK,Falkland Islands / Malvinas,pop,1990,9522264
FLK,Falkland Islands / Malvinas,pop,1995,10186083
FLK,Falkland Islands / Malvinas,pop,2000,10432147
FLK,Falkland Islands / Malvinas,pop,2005,11817019
GAB,Gabon,gcp,1990,63802439.055343814
GAB,Gabon,gcp,1995,69625190.53869855
GAB,Gabon,gcp,2000,71406163.29138236
GAB,Gabon,gcp,2005,123165226.15981054
GAB,Gabon,gcp,NA,223066909.61007053
GAB,Gabon,pop,1990,2764558205.8421054
GAB,Gabon,pop,1995,3438964363.736842
GAB,Gabon,pop,2000,3945907321.4210525
GAB,Gabon,pop,2005,3080195908.0789475
GBR,United Kingdom,gcp,1990,2584068285.114286
GBR,United Kingdom,gcp,1995,2426264671.6285715
GBR,United Kingdom,gcp,2000,2388564163.6
GBR,United Kingdom,gcp,2005,2702661428.3428574
GBR,United Kingdom,gcp,NA,2618697219.6214285
GBR,United Kingdom,pop,1990,3662094112.742857
GBR,United Kingdom,pop,1995,4226778815.285714
GBR,United Kingdom,pop,2000,3046241273.6571426
GBR,United Kingdom,pop,2005,3005208773.8
GEO,Georgia,gcp,1990,255497919.01737067
GEO,Georgia,gcp,1995,194201475.57142857
GEO,Georgia,gcp,2000,228305501
GEO,Georgia,gcp,2005,240287447.04007468
GEO,Georgia,gcp,NA,848225597.4831069
GEO,Georgia,pop,1990,2556232351.8
GEO,Georgia,pop,1995,1834927677.4
GEO,Georgia,pop,2000,2065127843.8
GEO,Georgia,pop,2005,3818247596.4666667
GHA,Ghana,gcp,1990,91957873.33889975
GHA,Ghana,gcp,1995,83013967.84389924
GHA,Ghana,gcp,2000,122957875.11539948
GHA,Ghana,gcp,2005,120690651.26120692
GHA,Ghana,gcp,NA,439507472.80128205
GHA,Ghana,pop,1990,3373001293.4102564
GHA,Ghana,pop,1995,3991045761.4615383
GHA,Ghana,pop,2000,3968514448.4102564
GHA,Ghana,pop,2005,4083228203.8974357
GIN,Guinea,gcp,1990,44764283.8357228
GIN,Guinea,gcp,1995,49544035.7215964
GIN,Guinea,gcp,2000,62319815.122504085
GIN,Guinea,gcp,2005,78245243.61092523
GIN,Guinea,gcp,NA,128147465.939727
GIN,Guinea,pop,1990,3110044882.2
GIN,Guinea,pop,1995,3507227601.7714286
GIN,Guinea,pop,2000,3372769287.6
GIN,Guinea,pop,2005,3554461782.0857143
GNB,Guinea-Bissau,gcp,1990,45281580.666666664
GNB,Guinea-Bissau,gcp,1995,54757962.333333336
GNB,Guinea-Bissau,gcp,2000,50062360.666666664
GNB,Guinea-Bissau,gcp,2005,70549542.55555555
GNB,Guinea-Bissau,gcp,NA,156743756.0277778
GNB,Guinea-Bissau,pop,1990,3744854163
GNB,Guinea-Bissau,pop,1995,1867517310.5555556
GNB,Guinea-Bissau,pop,2000,2459983619.2222223
GNB,Guinea-Bissau,pop,2005,3260667491.111111
GNQ,Equatorial Guinea,gcp,1990,61347053.4
GNQ,Equatorial Guinea,gcp,1995,63511700.2
GNQ,Equatorial Guinea,gcp,2000,97792801
GNQ,Equatorial Guinea,gcp,2005,165547299.4
GNQ,Equatorial Guinea,gcp,NA,191260294.65
GNQ,Equatorial Guinea,pop,1990,1571757193.2
GNQ,Equatorial Guinea,pop,1995,2071593838.8
GNQ,Equatorial Guinea,pop,2000,1819296010.4
GNQ,Equatorial Guinea,pop,2005,2008736162.8
GRC,Greece,gcp,1990,1400549909.0384614
GRC,Greece,gcp,1995,1273692640.4615386
GRC,Greece,gcp,2000,1069979312.1538461
GRC,Greece,gcp,2005,1237696073.8076923
GRC,Greece,gcp,NA,2489022377.875
GRC,Greece,pop,1990,3291718552.6538463
GRC,Greece,pop,1995,3442183068.3846154
GRC,Greece,pop,2000,3474760312
GRC,Greece,pop,2005,3510386436.576923
GRL,Greenland,gcp,1990,229028.8926424904
GRL,Greenland,gcp,1995,219207.1770874925
GRL,Greenland,gcp,2000,268740.18033696705
GRL,Greenland,gcp,2005,256320.91116997658
GRL,Greenland,gcp,NA,836942.49512125
GRL,Greenland,pop,1990,1359152329.324812
GRL,Greenland,pop,1995,1338752890.3022556
GRL,Greenland,pop,2000,1315984815.8030076
GRL,Greenland,pop,2005,1308381463.2165413
GTM,Guatemala,gcp,1990,343826581.6315789
GTM,Guatemala,gcp,1995,764917925.5263158
GTM,Guatemala,gcp,2000,957855034.6842105
GTM,Guatemala,gcp,2005,1011082803.7368422
GTM,Guatemala,gcp,NA,949168366.3947369
GTM,Guatemala,pop,1990,3894033071.263158
GTM,Guatemala,pop,1995,3245725007.263158
GTM,Guatemala,pop,2000,3797773515.9473686
GTM,Guatemala,pop,2005,2975499211.9473686
GUY,Guyana,gcp,1990,19706080.230634
GUY,Guyana,gcp,1995,28382377.6275992
GUY,Guyana,gcp,2000,32430273.975338
GUY,Guyana,gcp,2005,33374808.9781472
GUY,Guyana,gcp,NA,54670874.9414026
GUY,Guyana,pop,1990,3573152111
GUY,Guyana,pop,1995,3192478666.76
GUY,Guyana,pop,2000,3007393125.12
GUY,Guyana,pop,2005,3219315638.68
HND,Honduras,gcp,1990,259920283.27909428
HND,Honduras,gcp,1995,355171706.906225
HND,Honduras,gcp,2000,442805846.7937336
HND,Honduras,gcp,2005,550907753.7469828
HND,Honduras,gcp,NA,809738676.5391496
HND,Honduras,pop,1990,3728810063.285714
HND,Honduras,pop,1995,3917790019.142857
HND,Honduras,pop,2000,3456404903.5
HND,Honduras,pop,2005,3188335700.285714
HRV,Croatia,gcp,1990,1089953245.25
HRV,Croatia,gcp,1995,905462978.8
HRV,Croatia,gcp,2000,1022341300.875
HRV,Croatia,gcp,2005,1134296202.1333334
HRV,Croatia,gcp,NA,2427020555.451613
HRV,Croatia,pop,1990,3300914707.75
HRV,Croatia,pop,1995,2996809557.0625
HRV,Croatia,pop,2000,3104453339.1875
HRV,Croatia,pop,2005,2498586548.8125
HTI,Haiti,gcp,1990,824418245
HTI,Haiti,gcp,1995,994963698.5
HTI,Haiti,gcp,2000,1303123163
HTI,Haiti,gcp,2005,145528881.5
HTI,Haiti,gcp,NA,1621435321.25
HTI,Haiti,pop,1990,5106696649.5
HTI,Haiti,pop,1995,5461118315
HTI,Haiti,pop,2000,5799774372
HTI,Haiti,pop,2005,6109830678
HUN,Hungary,gcp,1990,1546312725.6363637
HUN,Hungary,gcp,1995,1473065455.047619
HUN,Hungary,gcp,2000,1444192735.2272727
HUN,Hungary,gcp,2005,1989805294.5714285
HUN,Hungary,gcp,NA,3152459198.4418607
HUN,Hungary,pop,1990,4248125017.5
HUN,Hungary,pop,1995,4648758750.227273
HUN,Hungary,pop,2000,4229937912.5
HUN,Hungary,pop,2005,4314827325.727273
IDN,Indonesia,gcp,1990,403561320.3899594
IDN,Indonesia,gcp,1995,493475882.5028343
IDN,Indonesia,gcp,2000,506175976.41293156
IDN,Indonesia,gcp,2005,581001910.9958509
IDN,Indonesia,gcp,NA,890538377.5453928
IDN,Indonesia,pop,1990,3372398157.239264
IDN,Indonesia,pop,1995,3547939085.5337424
IDN,Indonesia,pop,2000,3820142985.134969
IDN,Indonesia,pop,2005,3888318525.6380367
IND,India,gcp,1990,746643638.0406895
IND,India,gcp,1995,958980002.6271485
IND,India,gcp,2000,1194639717.5502026
IND,India,gcp,2005,1677214692.0306685
IND,India,gcp,NA,2734179185.2880144
IND,India,pop,1990,3233445152.756757
IND,India,pop,1995,3283463187.111111
IND,India,pop,2000,3198606029.7657657
IND,India,pop,2005,3325545072.5495496
IRL,Ireland,gcp,1990,1401675583.0666666
IRL,Ireland,gcp,1995,1969376466.8666666
IRL,Ireland,gcp,2000,2808240385.4
IRL,Ireland,gcp,2005,2736241548.2
IRL,Ireland,gcp,NA,2516956936.3333335
IRL,Ireland,pop,1990,3655138937
IRL,Ireland,pop,1995,3691622253.133333
IRL,Ireland,pop,2000,3128061958.6
IRL,Ireland,pop,2005,3652554196.9333334
IRN,Iran,gcp,1990,291565235.57272863
IRN,Iran,gcp,1995,296421869.60190684
IRN,Iran,gcp,2000,389269234.6666667
IRN,Iran,gcp,2005,535156229.7318436
IRN,Iran,gcp,NA,1551087497.435461
IRN,Iran,pop,1990,3468413927.324468
IRN,Iran,pop,1995,3618876256.308511
IRN,Iran,pop,2000,3432515501.6489363
IRN,Iran,pop,2005,3335107101.1702127
IRQ,Iraq,gcp,1990,569643820.1023371
IRQ,Iraq,gcp,1995,181311347.63157895
IRQ,Iraq,gcp,2000,496836714.9661017
IRQ,Iraq,gcp,2005,312494624.15789473
IRQ,Iraq,gcp,NA,1127408348.6034484
IRQ,Iraq,pop,1990,4086802887
IRQ,Iraq,pop,1995,3690807724.6271186
IRQ,Iraq,pop,2000,2945023816.6271186
IRQ,Iraq,pop,2005,3269233052.983051
ISL,Iceland,gcp,1990,245731371.86363637
ISL,Iceland,gcp,1995,246095971.77272728
ISL,Iceland,gcp,2000,324460994.59090906
ISL,Iceland,gcp,2005,400081822.22727275
ISL,Iceland,gcp,NA,198701754.5909091
ISL,Iceland,pop,1990,3277516865.1363635
ISL,Iceland,pop,1995,2663022127.681818
ISL,Iceland,pop,2000,3447535403.2727275
ISL,Iceland,pop,2005,3552130260.590909
ISR,Israel,gcp,1990,1418671436.2
ISR,Israel,gcp,1995,2542009298.8
ISR,Israel,gcp,2000,3276696173.8
ISR,Israel,gcp,2005,1883858564.5
ISR,Israel,gcp,NA,2920805497.894737
ISR,Israel,pop,1990,5207102476.8
ISR,Israel,pop,1995,4531215295
ISR,Israel,pop,2000,3480410777
ISR,Israel,pop,2005,2021654554.8
ITA,Italy,gcp,1990,2064180236.92
ITA,Italy,gcp,1995,2484384976.148455
ITA,Italy,gcp,2000,2494067323.4335847
ITA,Italy,gcp,2005,2117349669.06
ITA,Italy,gcp,NA,2525368405.835
ITA,Italy,pop,1990,3597759059
ITA,Italy,pop,1995,3776295370.490196
ITA,Italy,pop,2000,3842509013
ITA,Italy,pop,2005,3561860981.1372547
JAM,Jamaica,gcp,1990,2839015306
JAM,Jamaica,gcp,1995,3385371852
JAM,Jamaica,gcp,2000,3269425127
JAM,Jamaica,gcp,2005,353549325
JAM,Jamaica,gcp,NA,4279712500.75
JAM,Jamaica,pop,1990,7820745868
JAM,Jamaica,pop,1995,7973892172
JAM,Jamaica,pop,2000,8178803779
JAM,Jamaica,pop,2005,8235272949
JOR,Jordan,gcp,1990,192891485
JOR,Jordan,gcp,1995,288686523.61538464
JOR,Jordan,gcp,2000,323609003.65679073
JOR,Jordan,gcp,2005,469144994
JOR,Jordan,gcp,NA,642037826.8490566
JOR,Jordan,pop,1990,4496844600.785714
JOR,Jordan,pop,1995,3883966689.714286
JOR,Jordan,pop,2000,3127578803.071429
JOR,Jordan,pop,2005,3418778376.357143
JPN,Japan,gcp,1990,2918327620.9
JPN,Japan,gcp,1995,3406568804.325
JPN,Japan,gcp,2000,3049606537
JPN,Japan,gcp,2005,3306395882.6
JPN,Japan,gcp,NA,3258756703.3625
JPN,Japan,pop,1990,3441260953.325
JPN,Japan,pop,1995,3729219247.65
JPN,Japan,pop,2000,3273763185.675
JPN,Japan,pop,2005,3245556215.875
KAZ,Kazakhstan,gcp,1990,79352466.11919433
KAZ,Kazakhstan,gcp,1995,47138206.90383185
KAZ,Kazakhstan,gcp,2000,51789329.974424556
KAZ,Kazakhstan,gcp,2005,104402942.47692308
KAZ,Kazakhstan,gcp,NA,244034332.72050753
KAZ,Kazakhstan,pop,1990,3338001131.7647057
KAZ,Kazakhstan,pop,1995,3572357379.595908
KAZ,Kazakhstan,pop,2000,3600798111.7263427
KAZ,Kazakhstan,pop,2005,3598756583.534527
KEN,Kenya,gcp,1990,152243789.81550765
KEN,Kenya,gcp,1995,191998529.7448067
KEN,Kenya,gcp,2000,199946443.03774983
KEN,Kenya,gcp,2005,178162344.21662608
KEN,Kenya,gcp,NA,361873432.945107
KEN,Kenya,pop,1990,3761966300.397059
KEN,Kenya,pop,1995,4001702883.117647
KEN,Kenya,pop,2000,4020201915.647059
KEN,Kenya,pop,2005,3321298851.779412
KGZ,Kyrgyzstan,gcp,1990,172298551.50736082
KGZ,Kyrgyzstan,gcp,1995,117235527.35206622
KGZ,Kyrgyzstan,gcp,2000,142047901.38634893
KGZ,Kyrgyzstan,gcp,2005,229491915.6045863
KGZ,Kyrgyzstan,gcp,NA,474152753.4023439
KGZ,Kyrgyzstan,pop,1990,3450683807.189189
KGZ,Kyrgyzstan,pop,1995,3290249164.783784
KGZ,Kyrgyzstan,pop,2000,3769812708.9459457
KGZ,Kyrgyzstan,pop,2005,3438287881.5405407
KHM,Cambodia,gcp,1990,134135169.89285715
KHM,Cambodia,gcp,1995,135419675
KHM,Cambodia,gcp,2000,218223652.0357143
KHM,Cambodia,gcp,2005,296786925.60714287
KHM,Cambodia,gcp,NA,591670824.9553572
KHM,Cambodia,pop,1990,3732866945.607143
KHM,Cambodia,pop,1995,4176414456.75
KHM,Cambodia,pop,2000,4251387595.607143
KHM,Cambodia,pop,2005,4100410779.071429
KOR,Republic of Korea,gcp,1990,2322649743.2727275
KOR,Republic of Korea,gcp,1995,2238471161.888889
KOR,Republic of Korea,gcp,2000,2734465811.4444447
KOR,Republic of Korea,gcp,2005,4122198274.2222223
KOR,Republic of Korea,gcp,NA,3307716161.105263
KOR,Republic of Korea,pop,1990,3468231559.909091
KOR,Republic of Korea,pop,1995,4072589295.6363635
KOR,Republic of Korea,pop,2000,3525328307.909091
KOR,Republic of Korea,pop,2005,3031816204.909091
KWT,Kuwait,gcp,1990,2851942336.6666665
KWT,Kuwait,gcp,1995,620646528
KWT,Kuwait,gcp,2000,432550926.6666667
KWT,Kuwait,gcp,2005,998718676.5
KWT,Kuwait,gcp,NA,545630362.2222222
KWT,Kuwait,pop,1990,5756142321.666667
KWT,Kuwait,pop,1995,3183492288
KWT,Kuwait,pop,2000,3067751461
KWT,Kuwait,pop,2005,3180777323.6666665
LAO,Lao PDR,gcp,1990,49473812.44691289
LAO,Lao PDR,gcp,1995,75104632.29675433
LAO,Lao PDR,gcp,2000,100323123.83783785
LAO,Lao PDR,gcp,2005,114108214.37837838
LAO,Lao PDR,gcp,NA,266522153.66225165
LAO,Lao PDR,pop,1990,3192749675.394737
LAO,Lao PDR,pop,1995,2818803530.2105265
LAO,Lao PDR,pop,2000,2877772512.9473686
LAO,Lao PDR,pop,2005,3044668186.3421054
LBN,Lebanon,gcp,1990,266918317.5
LBN,Lebanon,gcp,1995,1507770696.5
LBN,Lebanon,gcp,2000,1683465024
LBN,Lebanon,gcp,2005,2056298523
LBN,Lebanon,gcp,NA,2798137571.375
LBN,Lebanon,pop,1990,4733801141.5
LBN,Lebanon,pop,1995,5487696642
LBN,Lebanon,pop,2000,6087068533.5
LBN,Lebanon,pop,2005,3026529331
LBR,Liberia,gcp,1990,54308101
LBR,Liberia,gcp,1995,52164088.35294118
LBR,Liberia,gcp,2000,80040335.76470588
LBR,Liberia,gcp,2005,66986807.176470585
LBR,Liberia,gcp,NA,148365952.18644068
LBR,Liberia,pop,1990,3994310866.2941175
LBR,Liberia,pop,1995,3503856786.647059
LBR,Liberia,pop,2000,3200496291.8235292
LBR,Liberia,pop,2005,3227510396.0588236
LBY,Libya,gcp,1990,159756072.74562648
LBY,Libya,gcp,1995,178285548.32771537
LBY,Libya,gcp,2000,223175030.2297747
LBY,Libya,gcp,2005,211294253.50541714
LBY,Libya,gcp,NA,258371635.7497667
LBY,Libya,pop,1990,4446308606.457517
LBY,Libya,pop,1995,4263761769.993464
LBY,Libya,pop,2000,4916238417.784314
LBY,Libya,pop,2005,3252903890.0457516
LCA,Saint Lucia,gcp,1990,83266534
LCA,Saint Lucia,gcp,1995,98317388
LCA,Saint Lucia,gcp,2000,121395819
LCA,Saint Lucia,gcp,2005,133540602
LCA,Saint Lucia,gcp,NA,179823499.5
LCA,Saint Lucia,pop,1990,871208575.5
LCA,Saint Lucia,pop,1995,905240920
LCA,Saint Lucia,pop,2000,1985210147
LCA,Saint Lucia,pop,2005,2073408184
LKA,Sri Lanka,gcp,1990,1008042264.8
LKA,Sri Lanka,gcp,1995,1135613927.8
LKA,Sri Lanka,gcp,2000,1642592454
LKA,Sri Lanka,gcp,2005,1982227653.4
LKA,Sri Lanka,gcp,NA,2589023622.85
LKA,Sri Lanka,pop,1990,5487649331.4
LKA,Sri Lanka,pop,1995,3656374341.6
LKA,Sri Lanka,pop,2000,3692937661.8
LKA,Sri Lanka,pop,2005,3363792906
LSO,Lesotho,gcp,1990,202659625
LSO,Lesotho,gcp,1995,292129653.8
LSO,Lesotho,gcp,2000,338652056.4
LSO,Lesotho,gcp,2005,405105893.8
LSO,Lesotho,gcp,NA,718672481.15
LSO,Lesotho,pop,1990,2728640365.4
LSO,Lesotho,pop,1995,2754540572.2
LSO,Lesotho,pop,2000,3774569627.6
LSO,Lesotho,pop,2005,3994142196.6
LTU,Lithuania,gcp,1990,868215553.1764706
LTU,Lithuania,gcp,1995,490907128.35294116
LTU,Lithuania,gcp,2000,610735158.4117647
LTU,Lithuania,gcp,2005,581522087.3529412
LTU,Lithuania,gcp,NA,1433349968.0294118
LTU,Lithuania,pop,1990,3689984635.2352943
LTU,Lithuania,pop,1995,3253933881.117647
LTU,Lithuania,pop,2000,2748862570.7647057
LTU,Lithuania,pop,2005,2900042581
LUX,Luxembourg,gcp,1990,721566877.75
LUX,Luxembourg,gcp,1995,1828815316.75
LUX,Luxembourg,gcp,2000,2675343609.75
LUX,Luxembourg,gcp,2005,2684690307.75
LUX,Luxembourg,gcp,NA,2455526074.4375
LUX,Luxembourg,pop,1990,4106565788.25
LUX,Luxembourg,pop,1995,4275368926
LUX,Luxembourg,pop,2000,4797111815.25
LUX,Luxembourg,pop,2005,4674724541
LVA,Latvia,gcp,1990,236660682.89473686
LVA,Latvia,gcp,1995,142114268.0526316
LVA,Latvia,gcp,2000,190806800.47368422
LVA,Latvia,gcp,2005,243903618.78947368
LVA,Latvia,gcp,NA,375018993.2105263
LVA,Latvia,pop,1990,3483146620.9473686
LVA,Latvia,pop,1995,3589309802.4736843
LVA,Latvia,pop,2000,3326237597.9473686
LVA,Latvia,pop,2005,3326362354
MAR,Morocco,gcp,1990,422833364.8769231
MAR,Morocco,gcp,1995,431883964.6
MAR,Morocco,gcp,2000,555054248.0615385
MAR,Morocco,gcp,2005,711564037.5692308
MAR,Morocco,gcp,NA,934715856.1461538
MAR,Morocco,pop,1990,3377085322.4
MAR,Morocco,pop,1995,3540300099.3846154
MAR,Morocco,pop,2000,3779400702.9846153
MAR,Morocco,pop,2005,3585229150.523077
MDA,Moldova,gcp,1990,320371285
MDA,Moldova,gcp,1995,134793089
MDA,Moldova,gcp,2000,112647688.75
MDA,Moldova,gcp,2005,150746560.25
MDA,Moldova,gcp,NA,644174571.8125
MDA,Moldova,pop,1990,2565272814.25
MDA,Moldova,pop,1995,1885805760.5
MDA,Moldova,pop,2000,1521582415.5
MDA,Moldova,pop,2005,1870690243.75
MDG,Madagascar,gcp,1990,65111597.23529412
MDG,Madagascar,gcp,1995,60946822.47058824
MDG,Madagascar,gcp,2000,68311700.31372549
MDG,Madagascar,gcp,2005,85305023.56862745
MDG,Madagascar,gcp,NA,208144773.2352941
MDG,Madagascar,pop,1990,3417103210.9411764
MDG,Madagascar,pop,1995,3274021303.9411764
MDG,Madagascar,pop,2000,3058497616.392157
MDG,Madagascar,pop,2005,3140481820.392157
MEX,Mexico,gcp,1990,1134259051.1387396
MEX,Mexico,gcp,1995,1251553234.03989
MEX,Mexico,gcp,2000,1421670350.8364608
MEX,Mexico,gcp,2005,1589257509.6556969
MEX,Mexico,gcp,NA,1859778194.0604897
MEX,Mexico,pop,1990,3556849875.438095
MEX,Mexico,pop,1995,3506400903.052381
MEX,Mexico,pop,2000,3401398234.8285713
MEX,Mexico,pop,2005,3484834147.652381
MKD,North Macedonia,gcp,1990,605798451.8571428
MKD,North Macedonia,gcp,1995,578307877.8
MKD,North Macedonia,gcp,2000,710596327.8571428
MKD,North Macedonia,gcp,2005,708897722.6
MKD,North Macedonia,gcp,NA,2605808040.5416665
MKD,North Macedonia,pop,1990,4700135467
MKD,North Macedonia,pop,1995,4804535416.714286
MKD,North Macedonia,pop,2000,4124657498.714286
MKD,North Macedonia,pop,2005,4910919787.714286
MLI,Mali,gcp,1990,11182061.836745916
MLI,Mali,gcp,1995,12588433.0847565
MLI,Mali,gcp,2000,16177414.787581135
MLI,Mali,gcp,2005,23774401.25927863
MLI,Mali,gcp,NA,48041795.83304338
MLI,Mali,pop,1990,3147827399.05
MLI,Mali,pop,1995,3312764846.392857
MLI,Mali,pop,2000,3534863373.2714286
MLI,Mali,pop,2005,3764707500.9785714
MMR,Myanmar,gcp,1990,100770200.05939855
MMR,Myanmar,gcp,1995,195252646.4814815
MMR,Myanmar,gcp,2000,214284841.8888889
MMR,Myanmar,gcp,2005,337413940.8148148
MMR,Myanmar,gcp,NA,353916670.89492756
MMR,Myanmar,pop,1990,3325932846.746988
MMR,Myanmar,pop,1995,3246815710.9759035
MMR,Myanmar,pop,2000,3241551945.9036145
MMR,Myanmar,pop,2005,3083132663.626506
MNE,Montenegro,gcp,1990,649797453.6666666
MNE,Montenegro,gcp,1995,52488598
MNE,Montenegro,gcp,2000,470265261.6666667
MNE,Montenegro,gcp,2005,242603476
MNE,Montenegro,gcp,NA,2324877454.5
MNE,Montenegro,pop,1990,4184548669.3333335
MNE,Montenegro,pop,1995,7108611263.666667
MNE,Montenegro,pop,2000,4151754795
MNE,Montenegro,pop,2005,4124162332
MNG,Mongolia,gcp,1990,5996792.076672013
MNG,Mongolia,gcp,1995,5740635.747408592
MNG,Mongolia,gcp,2000,6514588.53716805
MNG,Mongolia,gcp,2005,8793829.72414832
MNG,Mongolia,gcp,NA,27381489.452074572
MNG,Mongolia,pop,1990,3945960998.285714
MNG,Mongolia,pop,1995,4175862255.9537816
MNG,Mongolia,pop,2000,4134081346.2058825
MNG,Mongolia,pop,2005,3805374530.1218486
MOZ,Mozambique,gcp,1990,27210399.74023659
MOZ,Mozambique,gcp,1995,28005458.86720813
MOZ,Mozambique,gcp,2000,37928780.23562407
MOZ,Mozambique,gcp,2005,60273001.73622176
MOZ,Mozambique,gcp,NA,96770372.37043478
MOZ,Mozambique,pop,1990,3444306085
MOZ,Mozambique,pop,1995,3622933594.89011
MOZ,Mozambique,pop,2000,3504359801.197802
MOZ,Mozambique,pop,2005,3112003034.802198
MRT,Mauritania,gcp,1990,3813395.542266721
MRT,Mauritania,gcp,1995,6583721.082233054
MRT,Mauritania,gcp,2000,6605809.192973009
MRT,Mauritania,gcp,2005,8586016.338913387
MRT,Mauritania,gcp,NA,23635189.849178784
MRT,Mauritania,pop,1990,3909072265.4324327
MRT,Mauritania,pop,1995,3823172490.918919
MRT,Mauritania,pop,2000,3408132197.36036
MRT,Mauritania,pop,2005,4205612841.0540543
MWI,Malawi,gcp,1990,42514447.47692904
MWI,Malawi,gcp,1995,58202628.334054016
MWI,Malawi,gcp,2000,66478129.52471319
MWI,Malawi,gcp,2005,77016933.95358041
MWI,Malawi,gcp,NA,205700250.40645057
MWI,Malawi,pop,1990,2933112962.1904764
MWI,Malawi,pop,1995,3100651819.095238
MWI,Malawi,pop,2000,3349051237.1904764
MWI,Malawi,pop,2005,2453067891
MYS,Malaysia,gcp,1990,615145586.9919227
MYS,Malaysia,gcp,1995,891056113.0088218
MYS,Malaysia,gcp,2000,984728323.8932403
MYS,Malaysia,gcp,2005,1182955450.878788
MYS,Malaysia,gcp,NA,1581278805.7121212
MYS,Malaysia,pop,1990,3421974822.848485
MYS,Malaysia,pop,1995,3136705012.3636365
MYS,Malaysia,pop,2000,3270113420.757576
MYS,Malaysia,pop,2005,3260530279.4242425
NAM,Namibia,gcp,1990,25918545.138777032
NAM,Namibia,gcp,1995,35499590.10911675
NAM,Namibia,gcp,2000,42777834.38657753
NAM,Namibia,gcp,2005,55284830.56575695
NAM,Namibia,gcp,NA,79478771.29253927
NAM,Namibia,pop,1990,3381642534.597826
NAM,Namibia,pop,1995,4057725586.4565215
NAM,Namibia,pop,2000,3801239582.978261
NAM,Namibia,pop,2005,3623069801.0869565
NCL,New Caledonia,gcp,1990,64800287
NCL,New Caledonia,gcp,1995,7601779
NCL,New Caledonia,gcp,2000,79063241
NCL,New Caledonia,gcp,NA,40223817
NCL,New Caledonia,pop,1990,4158265881
NCL,New Caledonia,pop,1995,4864182034
NCL,New Caledonia,pop,2000,5469759507
NCL,New Caledonia,pop,2005,6120691234
NER,Niger,gcp,1990,8685356.878193937
NER,Niger,gcp,1995,10808731.465411695
NER,Niger,gcp,2000,12585841.084252086
NER,Niger,gcp,2005,13235958.776485851
NER,Niger,gcp,NA,38298303.76496248
NER,Niger,pop,1990,2575406206.2109375
NER,Niger,pop,1995,3314222067.9609375
NER,Niger,pop,2000,3582912476.3515625
NER,Niger,pop,2005,4085505534.671875
NGA,Nigeria,gcp,1990,151595022.87800804
NGA,Nigeria,gcp,1995,196222874.3389989
NGA,Nigeria,gcp,2000,235482699.30007833
NGA,Nigeria,gcp,2005,347765613.3787832
NGA,Nigeria,gcp,NA,1094368957.987745
NGA,Nigeria,pop,1990,3561736502.352941
NGA,Nigeria,pop,1995,3432959520.901961
NGA,Nigeria,pop,2000,3862339608.0588236
NGA,Nigeria,pop,2005,3716091876.617647
NIC,Nicaragua,gcp,1990,98630559.625
NIC,Nicaragua,gcp,1995,90655423.8125
NIC,Nicaragua,gcp,2000,134166116
NIC,Nicaragua,gcp,2005,128487177.375
NIC,Nicaragua,gcp,NA,254414272.484375
NIC,Nicaragua,pop,1990,3040142827.9375
NIC,Nicaragua,pop,1995,3429282067.625
NIC,Nicaragua,pop,2000,3556406433.5
NIC,Nicaragua,pop,2005,3674416964.1875
NLD,Netherlands,gcp,1990,2033478459.5714285
NLD,Netherlands,gcp,1995,2261820637.857143
NLD,Netherlands,gcp,2000,1809883800.4285715
NLD,Netherlands,gcp,2005,2396923011
NLD,Netherlands,gcp,NA,2708771015.142857
NLD,Netherlands,pop,1990,4439812580.714286
NLD,Netherlands,pop,1995,3636117569.285714
NLD,Netherlands,pop,2000,3724271021.857143
NLD,Netherlands,pop,2005,4563020185
NPL,Nepal,gcp,1990,72200200.96428572
NPL,Nepal,gcp,1995,92804333
NPL,Nepal,gcp,2000,117310980.71428572
NPL,Nepal,gcp,2005,96245684.64285715
NPL,Nepal,gcp,NA,336937193.3214286
NPL,Nepal,pop,1990,4041793451.464286
NPL,Nepal,pop,1995,3190226175.928571
NPL,Nepal,pop,2000,3375593870.25
NPL,Nepal,pop,2005,3528005166.214286
NZL,New Zealand,gcp,1990,696243450.34375
NZL,New Zealand,gcp,1995,684782194.75
NZL,New Zealand,gcp,2000,895389803.90625
NZL,New Zealand,gcp,2005,928421184
NZL,New Zealand,gcp,NA,1140660154.5078125
NZL,New Zealand,pop,1990,3762009222.46875
NZL,New Zealand,pop,1995,3683677142.78125
NZL,New Zealand,pop,2000,3592709041.6875
NZL,New Zealand,pop,2005,3201492991.90625
OMN,Oman,gcp,1990,314648833.57575756
OMN,Oman,gcp,1995,578808708.030303
OMN,Oman,gcp,2000,683542173.2121212
OMN,Oman,gcp,2005,770553935.8787879
OMN,Oman,gcp,NA,810210126.5954199
OMN,Oman,pop,1990,4347876452.636364
OMN,Oman,pop,1995,3923764221.3333335
OMN,Oman,pop,2000,3904367796.6060605
OMN,Oman,pop,2005,3900911066.787879
PAK,Pakistan,gcp,1990,379228013.5
PAK,Pakistan,gcp,1995,588015486.0098039
PAK,Pakistan,gcp,2000,732226722.382353
PAK,Pakistan,gcp,2005,829735610.4117647
PAK,Pakistan,gcp,NA,1551641537.1161137
PAK,Pakistan,pop,1990,2635847530.336207
PAK,Pakistan,pop,1995,2815778102.6551723
PAK,Pakistan,pop,2000,2740742283.1810346
PAK,Pakistan,pop,2005,2801766185.0172415
PAN,Panama,gcp,1990,260901938
PAN,Panama,gcp,1995,992937859.1666666
PAN,Panama,gcp,2000,1233132149.8333333
PAN,Panama,gcp,2005,1486268449.3333333
PAN,Panama,gcp,NA,1556621046.4583333
PAN,Panama,pop,1990,4061300280
PAN,Panama,pop,1995,2551631861
PAN,Panama,pop,2000,2854343084.8333335
PAN,Panama,pop,2005,1603842065.3333333
PER,Peru,gcp,1990,100242788.11191669
PER,Peru,gcp,1995,109087256.60115765
PER,Peru,gcp,2000,165708690.0779698
PER,Peru,gcp,2005,203653523.13983366
PER,Peru,gcp,NA,343302523.92512596
PER,Peru,pop,1990,3415724342.5231786
PER,Peru,pop,1995,3344322808.7549667
PER,Peru,pop,2000,3616690538.986755
PER,Peru,pop,2005,3539809898.086093
PHL,Philippines,gcp,1990,538232987.4666667
PHL,Philippines,gcp,1995,647651260.5
PHL,Philippines,gcp,2000,841344858.6
PHL,Philippines,gcp,2005,1062159778.5333333
PHL,Philippines,gcp,NA,1519191736
PHL,Philippines,pop,1990,3862228373.9
PHL,Philippines,pop,1995,2830913250.5666666
PHL,Philippines,pop,2000,2951955182.133333
PHL,Philippines,pop,2005,3078925298.866667
PNG,Papua New Guinea,gcp,1990,36570706.79292818
PNG,Papua New Guinea,gcp,1995,52615873.50248273
PNG,Papua New Guinea,gcp,2000,58728318.72322909
PNG,Papua New Guinea,gcp,2005,66173347.20589841
PNG,Papua New Guinea,gcp,NA,143427259.19996357
PNG,Papua New Guinea,pop,1990,3847120756.5227275
PNG,Papua New Guinea,pop,1995,3746213557.931818
PNG,Papua New Guinea,pop,2000,3678543612.8636365
PNG,Papua New Guinea,pop,2005,3302056730.5
POL,Poland,gcp,1990,1713069570.3584905
POL,Poland,gcp,1995,1723604680.490566
POL,Poland,gcp,2000,1806970946.6037736
POL,Poland,gcp,2005,1940189067.962264
POL,Poland,gcp,NA,2854550632.2216983
POL,Poland,pop,1990,3207685104.3584905
POL,Poland,pop,1995,3167582995.4528303
POL,Poland,pop,2000,3418194062.716981
POL,Poland,pop,2005,3427706971.4339623
PRI,Puerto Rico,gcp,1990,5750497317.5
PRI,Puerto Rico,gcp,1995,2446646918.5
PRI,Puerto Rico,gcp,2000,2993103584.5
PRI,Puerto Rico,gcp,NA,5750496674
PRI,Puerto Rico,pop,1990,3458099107
PRI,Puerto Rico,pop,1995,3627984839.6666665
PRI,Puerto Rico,pop,2000,1687427935.3333333
PRI,Puerto Rico,pop,2005,3931581481
PRK,Dem. Rep. Korea,gcp,1990,497710412.31578946
PRK,Dem. Rep. Korea,gcp,1995,58061224.625
PRK,Dem. Rep. Korea,gcp,2000,75459340.875
PRK,Dem. Rep. Korea,gcp,2005,138466653.5
PRK,Dem. Rep. Korea,gcp,NA,346846932.46511626
PRK,Dem. Rep. Korea,pop,1990,3468326539.631579
PRK,Dem. Rep. Korea,pop,1995,3820502592.9473686
PRK,Dem. Rep. Korea,pop,2000,3315117783.368421
PRK,Dem. Rep. Korea,pop,2005,4023241291.4736843
PRT,Portugal,gcp,1990,395956959.46153843
PRT,Portugal,gcp,1995,1366022247.3846154
PRT,Portugal,gcp,2000,1549839013.7692308
PRT,Portugal,gcp,2005,1763333772.9230769
PRT,Portugal,gcp,NA,1655998611.4038463
PRT,Portugal,pop,1990,2926608640.4615383
PRT,Portugal,pop,1995,3755828797.923077
PRT,Portugal,pop,2000,3316608959.3846154
PRT,Portugal,pop,2005,3534506347.3846154
PRY,Paraguay,gcp,1990,99383913.15366101
PRY,Paraguay,gcp,1995,129024595.59184752
PRY,Paraguay,gcp,2000,136614502.7078292
PRY,Paraguay,gcp,2005,153742519.34000137
PRY,Paraguay,gcp,NA,285557789.9782442
PRY,Paraguay,pop,1990,3924485464.614035
PRY,Paraguay,pop,1995,3705842948.0350876
PRY,Paraguay,pop,2000,4185233716.982456
PRY,Paraguay,pop,2005,3656448826.8245616
PSE,Palestine,gcp,1990,917767705.5
PSE,Palestine,gcp,1995,987739700.25
PSE,Palestine,gcp,2000,1886318595
PSE,Palestine,gcp,2005,2506256214.6666665
PSE,Palestine,gcp,NA,2402078274.6666665
PSE,Palestine,pop,1990,2952617780.5
PSE,Palestine,pop,1995,2668772310.25
PSE,Palestine,pop,2000,1253207478
PSE,Palestine,pop,2005,3297613012.5
QAT,Qatar,gcp,1990,1043295572
QAT,Qatar,gcp,1995,1130771449
QAT,Qatar,gcp,2000,1944532258
QAT,Qatar,gcp,2005,2858510003
QAT,Qatar,gcp,NA,1960299957
QAT,Qatar,pop,1990,4445952792
QAT,Qatar,pop,1995,5004903631
QAT,Qatar,pop,2000,5876817345
QAT,Qatar,pop,2005,7595182665
ROU,Romania,gcp,1990,752193266.9375
ROU,Romania,gcp,1995,609599829.8125
ROU,Romania,gcp,2000,719602551.9166666
ROU,Romania,gcp,2005,806844653
ROU,Romania,gcp,NA,2625456098.9427085
ROU,Romania,pop,1990,3654016807.9166665
ROU,Romania,pop,1995,3741163817.375
ROU,Romania,pop,2000,4094023290.375
ROU,Romania,pop,2005,4012768478.7916665
RUS,Russian Federation,gcp,1990,97561821.11526224
RUS,Russian Federation,gcp,1995,66871381.094528265
RUS,Russian Federation,gcp,2000,66122817.886283524
RUS,Russian Federation,gcp,2005,82734662.31009436
RUS,Russian Federation,gcp,NA,290641777.69850624
RUS,Russian Federation,pop,1990,3839308372.272666
RUS,Russian Federation,pop,1995,3774399869.354533
RUS,Russian Federation,pop,2000,3660023956.6633964
RUS,Russian Federation,pop,2005,3579073796.428958
RWA,Rwanda,gcp,1990,140978279.66666666
RWA,Rwanda,gcp,1995,121431675.66666667
RWA,Rwanda,gcp,2000,163412533.66666666
RWA,Rwanda,gcp,2005,217965492.33333334
RWA,Rwanda,gcp,NA,392389110.9166667
RWA,Rwanda,pop,1990,1178067925
RWA,Rwanda,pop,1995,2142949683
RWA,Rwanda,pop,2000,1933251943.3333333
RWA,Rwanda,pop,2005,2687808437.3333335
SAU,Saudi Arabia,gcp,1990,544369584.3315326
SAU,Saudi Arabia,gcp,1995,541237130.419192
SAU,Saudi Arabia,gcp,2000,668822665.4832536
SAU,Saudi Arabia,gcp,2005,807870339.6868687
SAU,Saudi Arabia,gcp,NA,1321035775.6251588
SAU,Saudi Arabia,pop,1990,3442966645.971292
SAU,Saudi Arabia,pop,1995,3717044482.028708
SAU,Saudi Arabia,pop,2000,3484704441.4210525
SAU,Saudi Arabia,pop,2005,3759732437.047847
SDN,Sudan,gcp,1990,40839278.012608424
SDN,Sudan,gcp,1995,52475550.84498497
SDN,Sudan,gcp,2000,67297566.04980315
SDN,Sudan,gcp,2005,89120939.9945866
SDN,Sudan,gcp,NA,174347305.27121213
SDN,Sudan,pop,1990,2823245252.539394
SDN,Sudan,pop,1995,2769566731.957576
SDN,Sudan,pop,2000,3005875424.4969697
SDN,Sudan,pop,2005,2892230473.2363634
SEN,Senegal,gcp,1990,51085585.45389621
SEN,Senegal,gcp,1995,64505344.287955865
SEN,Senegal,gcp,2000,71592077.13480966
SEN,Senegal,gcp,2005,94019872.79306449
SEN,Senegal,gcp,NA,167197508.25862068
SEN,Senegal,pop,1990,2891791572
SEN,Senegal,pop,1995,3145019400.551724
SEN,Senegal,pop,2000,2941021693.3103447
SEN,Senegal,pop,2005,3511312175.3103447
SLB,Solomon Islands,gcp,1990,4501346
SLB,Solomon Islands,gcp,1995,2926720.5
SLB,Solomon Islands,gcp,2000,5906968.5
SLB,Solomon Islands,gcp,2005,6099694.25
SLB,Solomon Islands,gcp,NA,9121216
SLB,Solomon Islands,pop,1990,4658101232.25
SLB,Solomon Islands,pop,1995,2522631817.5
SLB,Solomon Islands,pop,2000,3570382927
SLB,Solomon Islands,pop,2005,3788872298.5
SLE,Sierra Leone,gcp,1990,57681194.3
SLE,Sierra Leone,gcp,1995,59767651.1
SLE,Sierra Leone,gcp,2000,55547733.4
SLE,Sierra Leone,gcp,2005,66034649.3
SLE,Sierra Leone,gcp,NA,145024590.43589744
SLE,Sierra Leone,pop,1990,3839683299.1
SLE,Sierra Leone,pop,1995,3087791749.2
SLE,Sierra Leone,pop,2000,3499900300.3
SLE,Sierra Leone,pop,2005,3014848271.8
SLV,El Salvador,gcp,1990,402332515.5
SLV,El Salvador,gcp,1995,485307117.5
SLV,El Salvador,gcp,2000,133442423
SLV,El Salvador,gcp,2005,697640973.5
SLV,El Salvador,gcp,NA,1128880719.25
SLV,El Salvador,pop,1990,6073667533.5
SLV,El Salvador,pop,1995,6610351542
SLV,El Salvador,pop,2000,7149714470.5
SLV,El Salvador,pop,2005,4409346587
SOM,Somalia,gcp,1990,36002404.30119247
SOM,Somalia,gcp,1995,1923020.1302833555
SOM,Somalia,gcp,2000,1713923.2009648667
SOM,Somalia,gcp,2005,1414367.6290934777
SOM,Somalia,gcp,NA,35943134.08105352
SOM,Somalia,pop,1990,4453969085.770833
SOM,Somalia,pop,1995,4206578645.1458335
SOM,Somalia,pop,2000,3847861144.875
SOM,Somalia,pop,2005,4454377576.666667
SRB,Serbia,gcp,1990,542810948.0625
SRB,Serbia,gcp,1995,552526589.4444444
SRB,Serbia,gcp,2000,470538237.125
SRB,Serbia,gcp,2005,704741210.2222222
SRB,Serbia,gcp,NA,2035867022.12
SRB,Serbia,pop,1990,4537193524.3125
SRB,Serbia,pop,1995,4495131863.25
SRB,Serbia,pop,2000,4437967210.0625
SRB,Serbia,pop,2005,4646320047.125
SSD,South Sudan,gcp,1990,15375458.035868673
SSD,South Sudan,gcp,1995,16931054.822450344
SSD,South Sudan,gcp,2000,22957976.869157884
SSD,South Sudan,gcp,2005,33800716.67562315
SSD,South Sudan,gcp,NA,68725286.03341839
SSD,South Sudan,pop,1990,3109518905.5737705
SSD,South Sudan,pop,1995,3161229044.2131147
SSD,South Sudan,pop,2000,3063998649.442623
SSD,South Sudan,pop,2005,2820247232.852459
SUR,Suriname,gcp,1990,71798360.07692307
SUR,Suriname,gcp,1995,20260640
SUR,Suriname,gcp,2000,77384595
SUR,Suriname,gcp,2005,100442944.84615384
SUR,Suriname,gcp,NA,175624299.26923078
SUR,Suriname,pop,1990,2581001313.5625
SUR,Suriname,pop,1995,2109712062.625
SUR,Suriname,pop,2000,2116987246
SUR,Suriname,pop,2005,2002721845.75
SVK,Slovakia,gcp,1990,1891691441.2142856
SVK,Slovakia,gcp,1995,1713636102.642857
SVK,Slovakia,gcp,2000,2163225781.142857
SVK,Slovakia,gcp,2005,2655634728.285714
SVK,Slovakia,gcp,NA,2821762325.053571
SVK,Slovakia,pop,1990,4173314771.857143
SVK,Slovakia,pop,1995,3851132915.928571
SVK,Slovakia,pop,2000,4340842877.142858
SVK,Slovakia,pop,2005,3452465162.357143
SVN,Slovenia,gcp,1990,5247898900.2
SVN,Slovenia,gcp,1995,4393402575.4
SVN,Slovenia,gcp,2000,4797008259.8
SVN,Slovenia,gcp,2005,5665776191.2
SVN,Slovenia,gcp,NA,3744030601.85
SVN,Slovenia,pop,1990,2583542491.2
SVN,Slovenia,pop,1995,3837264245.4
SVN,Slovenia,pop,2000,5402014811.8
SVN,Slovenia,pop,2005,5418451478
SWE,Sweden,gcp,1990,1081958617.031579
SWE,Sweden,gcp,1995,1063124562.0315789
SWE,Sweden,gcp,2000,1182750943.1263158
SWE,Sweden,gcp,2005,1327193034.6
SWE,Sweden,gcp,NA,1094923137.5
SWE,Sweden,pop,1990,3423813748.021053
SWE,Sweden,pop,1995,3225239545.326316
SWE,Sweden,pop,2000,3355370104.926316
SWE,Sweden,pop,2005,3493305532.4526315
SWZ,Kingdom of eSwatini,gcp,1990,91099484.152962
SWZ,Kingdom of eSwatini,gcp,1995,268110222.2
SWZ,Kingdom of eSwatini,gcp,2000,366853397.4
SWZ,Kingdom of eSwatini,gcp,2005,489052529.4
SWZ,Kingdom of eSwatini,gcp,NA,763141070.45
SWZ,Kingdom of eSwatini,pop,1990,4435226312.6
SWZ,Kingdom of eSwatini,pop,1995,2237871812.4
SWZ,Kingdom of eSwatini,pop,2000,3626260463.4
SWZ,Kingdom of eSwatini,pop,2005,4714283584.4
SYR,Syria,gcp,1990,413829546.9705882
SYR,Syria,gcp,1995,554174313.862069
SYR,Syria,gcp,2000,653953378.5588236
SYR,Syria,gcp,2005,920281268.4827586
SYR,Syria,gcp,NA,1369049737.0826447
SYR,Syria,pop,1990,3124734639.3235292
SYR,Syria,pop,1995,3042759552.4411764
SYR,Syria,pop,2000,3320475165.9411764
SYR,Syria,pop,2005,3410214547.970588
TCD,Chad,gcp,1990,7399526.583221366
TCD,Chad,gcp,1995,7955018.830982045
TCD,Chad,gcp,2000,8875023.09921097
TCD,Chad,gcp,2005,19088438.480840437
TCD,Chad,gcp,NA,39451835.76215606
TCD,Chad,pop,1990,2861115211.352
TCD,Chad,pop,1995,3259735165.8
TCD,Chad,pop,2000,3425067265.28
TCD,Chad,pop,2005,3469767712.376
TGO,Togo,gcp,1990,61552800
TGO,Togo,gcp,1995,63135594
TGO,Togo,gcp,2000,100881312.75
TGO,Togo,gcp,2005,117415546.25
TGO,Togo,gcp,NA,233162988.75
TGO,Togo,pop,1990,2640241839.5
TGO,Togo,pop,1995,2959277972.375
TGO,Togo,pop,2000,1946376599.375
TGO,Togo,pop,2005,3089002595.875
THA,Thailand,gcp,1990,632871129.785929
THA,Thailand,gcp,1995,983439175.5699892
THA,Thailand,gcp,2000,858666231.9269651
THA,Thailand,gcp,2005,1106525917.9333334
THA,Thailand,gcp,NA,1461274553.4166667
THA,Thailand,pop,1990,3753644410.703125
THA,Thailand,pop,1995,4077901893.015625
THA,Thailand,pop,2000,3521672671.171875
THA,Thailand,pop,2005,3573988933.578125
TJK,Tajikistan,gcp,1990,61036639.31034483
TJK,Tajikistan,gcp,1995,42547492.23076923
TJK,Tajikistan,gcp,2000,44206387.65384615
TJK,Tajikistan,gcp,2005,60574318.884615384
TJK,Tajikistan,gcp,NA,252024489.57943925
TJK,Tajikistan,pop,1990,3834514264.793103
TJK,Tajikistan,pop,1995,3878267949.37931
TJK,Tajikistan,pop,2000,3049870630.172414
TJK,Tajikistan,pop,2005,4113455726.586207
TKM,Turkmenistan,gcp,1990,85010802.36231884
TKM,Turkmenistan,gcp,1995,52811571.76119403
TKM,Turkmenistan,gcp,2000,77124593.31343284
TKM,Turkmenistan,gcp,2005,134429294.34375
TKM,Turkmenistan,gcp,NA,305120444.65680474
TKM,Turkmenistan,pop,1990,3930740365.115942
TKM,Turkmenistan,pop,1995,4123124306.6666665
TKM,Turkmenistan,pop,2000,3784124432.362319
TKM,Turkmenistan,pop,2005,3549255212.8985505
TLS,Timor-Leste,gcp,1990,1026085
TLS,Timor-Leste,gcp,1995,1497437
TLS,Timor-Leste,gcp,2000,1546195
TLS,Timor-Leste,gcp,2005,1939092
TLS,Timor-Leste,gcp,NA,3407625.25
TLS,Timor-Leste,pop,1990,2898358747
TLS,Timor-Leste,pop,1995,3060557492.3333335
TLS,Timor-Leste,pop,2000,3162750559.6666665
TLS,Timor-Leste,pop,2005,3661285657.3333335
TUN,Tunisia,gcp,1990,607002480.8947369
TUN,Tunisia,gcp,1995,706927134.5263158
TUN,Tunisia,gcp,2000,884914267.0526316
TUN,Tunisia,gcp,2005,1118689809.8947368
TUN,Tunisia,gcp,NA,1871547246.4714286
TUN,Tunisia,pop,1990,3918901242.2105265
TUN,Tunisia,pop,1995,3227456590.8421054
TUN,Tunisia,pop,2000,3482386134.0526314
TUN,Tunisia,pop,2005,3737338434.6842103
TUR,Turkey,gcp,1990,1358117452.2210526
TUR,Turkey,gcp,1995,1607194888.7717392
TUR,Turkey,gcp,2000,1882132272.0108695
TUR,Turkey,gcp,2005,2205006972.389474
TUR,Turkey,gcp,NA,2689119646.5855613
TUR,Turkey,pop,1990,4023235716.1368423
TUR,Turkey,pop,1995,3946496780.4
TUR,Turkey,pop,2000,3940934437.2
TUR,Turkey,pop,2005,3797013239.9157896
TWN,Taiwan,gcp,1990,1510268713.5
TWN,Taiwan,gcp,NA,4811190854
TWN,Taiwan,pop,1990,2196375.5
TWN,Taiwan,pop,1995,2196375.5
TWN,Taiwan,pop,2000,2196375.5
TWN,Taiwan,pop,2005,2498058631
TZA,Tanzania,gcp,1990,87794789.12716779
TZA,Tanzania,gcp,1995,98026531.04651164
TZA,Tanzania,gcp,2000,106150031.1627907
TZA,Tanzania,gcp,2005,140852993.20930234
TZA,Tanzania,gcp,NA,310563585.75872093
TZA,Tanzania,pop,1990,3820491152.9069767
TZA,Tanzania,pop,1995,3903688580.5
TZA,Tanzania,pop,2000,3839514171.4302325
TZA,Tanzania,pop,2005,3573459126.372093
UGA,Uganda,gcp,1990,91808144.11764705
UGA,Uganda,gcp,1995,85690401.02941176
UGA,Uganda,gcp,2000,166189531.32352942
UGA,Uganda,gcp,2005,224829811.20588234
UGA,Uganda,gcp,NA,395132403.2867647
UGA,Uganda,pop,1990,3759846413.2941175
UGA,Uganda,pop,1995,2895571947.7352943
UGA,Uganda,pop,2000,3344381115.2352943
UGA,Uganda,pop,2005,3653069764.0588236
UKR,Ukraine,gcp,1990,729335451.52
UKR,Ukraine,gcp,1995,347556466.47
UKR,Ukraine,gcp,2000,310609449.35
UKR,Ukraine,gcp,2005,440731212.79
UKR,Ukraine,gcp,NA,1805115472.285
UKR,Ukraine,pop,1990,3771108155.23
UKR,Ukraine,pop,1995,3845941009.42
UKR,Ukraine,pop,2000,3899392139.37
UKR,Ukraine,pop,2005,3523714566.26
URY,Uruguay,gcp,1990,268389670.375
URY,Uruguay,gcp,1995,279863479.5833333
URY,Uruguay,gcp,2000,358030608.0833333
URY,Uruguay,gcp,2005,348740105.4166667
URY,Uruguay,gcp,NA,366858818.40625
URY,Uruguay,pop,1990,4947216984.833333
URY,Uruguay,pop,1995,5322799271.5
URY,Uruguay,pop,2000,4709093260.25
URY,Uruguay,pop,2005,4324264087.25
USA,United States,gcp,1990,1483504358.0735128
USA,United States,gcp,1995,1450422281.728776
USA,United States,gcp,2000,1545966495.215451
USA,United States,gcp,2005,1700816172.9639394
USA,United States,gcp,NA,1558547142.1435564
USA,United States,pop,1990,3537693748.8830256
USA,United States,pop,1995,3546254289.292876
USA,United States,pop,2000,3574651858.9700966
USA,United States,pop,2005,3583333569.927001
UZB,Uzbekistan,gcp,1990,94631810.33341767
UZB,Uzbekistan,gcp,1995,90846240.1233178
UZB,Uzbekistan,gcp,2000,117086550.05133714
UZB,Uzbekistan,gcp,2005,194307516.4827586
UZB,Uzbekistan,gcp,NA,351557709.3789474
UZB,Uzbekistan,pop,1990,3556064860.064935
UZB,Uzbekistan,pop,1995,3588817721.5194807
UZB,Uzbekistan,pop,2000,3745034392.6883116
UZB,Uzbekistan,pop,2005,3417355092.6493506
VEN,Venezuela,gcp,1990,598595836.2996808
VEN,Venezuela,gcp,1995,632031657.0550531
VEN,Venezuela,gcp,2000,771517761.9634393
VEN,Venezuela,gcp,2005,893378924.0362989
VEN,Venezuela,gcp,NA,1134019705.3701942
VEN,Venezuela,pop,1990,3753573757.6989245
VEN,Venezuela,pop,1995,3428705511.8494625
VEN,Venezuela,pop,2000,3472125832.0215054
VEN,Venezuela,pop,2005,3856179461.7419353
VNM,Vietnam,gcp,1990,353288602.4722222
VNM,Vietnam,gcp,1995,530054431.1111111
VNM,Vietnam,gcp,2000,653349205.3055556
VNM,Vietnam,gcp,2005,1087150038.75
VNM,Vietnam,gcp,NA,1345787192.6666667
VNM,Vietnam,pop,1990,4213733565.361111
VNM,Vietnam,pop,1995,4579485621.25
VNM,Vietnam,pop,2000,4268829351.1944447
VNM,Vietnam,pop,2005,4011928340.9166665
VUT,Vanuatu,gcp,1990,5503005
VUT,Vanuatu,gcp,1995,6467221
VUT,Vanuatu,gcp,2000,7663034
VUT,Vanuatu,gcp,2005,803631
VUT,Vanuatu,gcp,NA,15541519
VUT,Vanuatu,pop,1990,3816996867
VUT,Vanuatu,pop,1995,4362875444
VUT,Vanuatu,pop,2000,4760252857
VUT,Vanuatu,pop,2005,5343702505
YEM,Yemen,gcp,1990,125325252.980427
YEM,Yemen,gcp,1995,166049379.4980832
YEM,Yemen,gcp,2000,146393888.74
YEM,Yemen,gcp,2005,235214491.28
YEM,Yemen,gcp,NA,532726035.545
YEM,Yemen,pop,1990,2922581403.591837
YEM,Yemen,pop,1995,3715052008.265306
YEM,Yemen,pop,2000,3907211278.6938777
YEM,Yemen,pop,2005,4635854440.163265
ZAF,South Africa,gcp,1990,271496648.35533935
ZAF,South Africa,gcp,1995,283396692.24935806
ZAF,South Africa,gcp,2000,348387826.5342304
ZAF,South Africa,gcp,2005,391910543.5974655
ZAF,South Africa,gcp,NA,752196250.7841277
ZAF,South Africa,pop,1990,3284529697.892617
ZAF,South Africa,pop,1995,3481698699.6845636
ZAF,South Africa,pop,2000,3700400844.4026847
ZAF,South Africa,pop,2005,3951618177.1006713
ZMB,Zambia,gcp,1990,56437872.2262711
ZMB,Zambia,gcp,1995,50972411.52026934
ZMB,Zambia,gcp,2000,48094571.66696132
ZMB,Zambia,gcp,2005,63905591.47700428
ZMB,Zambia,gcp,NA,127799086.67809176
ZMB,Zambia,pop,1990,3957845944.7802196
ZMB,Zambia,pop,1995,3884323599.230769
ZMB,Zambia,pop,2000,4096269915.967033
ZMB,Zambia,pop,2005,4178461590.835165
ZWE,Zimbabwe,gcp,1990,145408084.2590355
ZWE,Zimbabwe,gcp,1995,156769827.28969735
ZWE,Zimbabwe,gcp,2000,126855622.80451511
ZWE,Zimbabwe,gcp,2005,119718525.93031204
ZWE,Zimbabwe,gcp,NA,47401804.6464667
ZWE,Zimbabwe,pop,1990,3495695175.5306125
ZWE,Zimbabwe,pop,1995,3248244672
ZWE,Zimbabwe,pop,2000,3107143135.2040815
ZWE,Zimbabwe,pop,2005,2863344992
